Account,License Number,Rep, Delivery,Address,Town,County,Point of Contact,Phone,D=Draft C=Cans B=Both,Email,Accounting Email,Preferred Contact,Contact Comments,
2nd Jetty,1343-33-002-011,Adam,Thursday,140 Ocean Ave,Sea Bright,Monmouth,Arturo,732-947-9798,C,2ndjettyliquor@gmail.com,lashields@comcast.net,,,
Applebees Tinton Falls,1336-33-013-008,Janis,Thursday,14 Park Rd,Tinton Falls,Monmouth,Jeff,732-575-8563,D,,,Text,Mondays,
Aroogas,1204-33-011-010,Adam,Wednesday ,1031 State Route 18,East Brunswick,Middlesex,Jack,908-332-2753,D,,,,,
Asbury Ale House,1303-33-017-012,Adam,Thursday,531 Cookman Ave,Asbury Park,Monmouth,John,732-644-0678,,,,,,
B2 Red Bank,1340-33-035-006,Janis,Thursday,141 Shrewsbury Ave,Red Bank,Monmouth,Victor,732-268-8555,D,Victor@b2bistro.com,,In person or email,,
Bar Bella,1318-33-009-002,Janis,Wednesday ,101 Crawford Corner Rd,Holmdel ,Monmouth,Zac,732-895-0448,C,Barbella.bellworks@gmail.com,,Email,,
Lincroft Barrel and Cask,1331-44-007-003,Adam,Thursday,806 Newman Springs Rd,Lincroft ,Monmouth,Mike ,732-778-4604,,,,,,
Bay Ave Spirits,1317-44-011-003,Adam,Thursday,116 Bay Ave,Highlands,Monmouth,Debbie/Nick,732-291-2300,C,,,Call,,
Beach Haus,1306-33-014-009,Adam,,801 Main St,Belmar,Monmouth,Jarid,,,,,,,
Beacon Hill Country Club,1331-31-037-001,Janis,Wednesday ,2 Beacon Hill Road,Atlantic Highlands ,Monmouth,Andrew,732â€“832-9662,C,,,Text,,
Best Buy Keansburg,1339-44-006-006,Adam,Wednesday,14 NJ-36,Keansburg,Monmouth,Eddie,732-787-3383,C,Bestbuywnl@gmail.com,,,,
Bethany Liquors,1339-44-012-003,Janis,Wednesday,3160 NJ-35,Hazlet,Monmouth,Sunny,732-799-5939,C,Bethabywinesliquors@gmail.com,,Use whatsup app when texting ,,
Blu Grotto,Permit # 35403,Janis,Thursday,200 Port Au Peck Ave,Oceanport,Monmouth,,,D,events@blugrotto.com,,,Closing after the 1st until March. Old manager left. Not sure who will be running the show,
Blue Moon,1220-33-031-004,Mark,Wednesday,114 South Broadway,South Amboy,Middlesex,Adrienne/Priscilla,732-213-0205,,bluemoon1@optonlink.net,,Text,Text,
Bottle King Middletown,1331-44-043-003,Adam,Wednesday ,1126 NJ-35,Middletown,Monmouth,Joe,917-583-0760,C,Middletown.beer@bottleking.com,Middletown @bottleking.com,Text,,
Bottle Republic,1808-44-032-010,Adam,Wednesday,3151 NJ-27,Franklin Park,Somerset,,,,,,,,
Brennan's (Rumson),1342-44-001-005,Janis,Thursday,44 West River Drive,Rumson,Monmouth,Alex,732-530-0302,C,,,Text- off Tuesday ,732-337-7964,
Buffalo Wild Wings Eatontown ,1311-33-003-008,Janis,Thursday ,180 Route 35 S,Eatontown ,Monmouth,Shane,908-601-8682,D,Gm3489@ampalgroup.com,,Text,,
Buy Rite Tinton Falls,1336-44-005-004,Adam,Thursday,4057 Asbury Ave # 2,Tinton Falls,Monmouth,Jim/Kevin,908-917-3151,D,,,Text,Will,
Char Steakhouse,1340-33-024-005,Janis,Thursday,33 Broad Street,Red Bank,Monmouth,James,732-685-1950,D,,,Text,,
Charlie's of Lincroft,1331-33-022-005,Janis,Thursday ,700 Newman Spring Road,Lincroft ,Monmouth,Jacquie Allen,732-812-4500,D,Jallen@charliesoflincroft.com,,Email,,
Chubby Pickle,1317-32-009-008,Adam,Thursday,23 Bay Ave,Highlands,Monmouth,Adam,917-687-5301,B,,,Text/Call,,
Circus Lincroft,1331-44-033-011,Adam,Thursday,720 Newman Springs Rd,Middletown,Monmouth,Eileen,732-747-2100,C,,,Call,,
Circus Middletown,1331-31-005-004,Adam,Wednesday,1455 NJ-35,Middletown,Monmouth,Nick,732-337-0334,C,circusliquor@circuswines.com,,Text/Call,,
Circus Newman Springs,1340-44-001-003,Janis,Thursday,56 Newman Springs Rd,Red Bank,Monmouth,Pat,848-218-1816,CD,,Lrouvrais@foodcircus.com,Visit,,
Circus Port Monmouth,1331-44-028-006,Janis,Wednesday,426 NJ-36,Middletown,Monmouth,Tom Varno,201-962-2001,C,Tvarno@circuswines.com,Lrouvrais@foodcircus.com,Visit,,
Circus Sea Girt,1352-44-013-004,Adam,Thursday,2204 NJ-35,Sea Girt,Ocean,Matt,732-292-6294,,,,Call,,
Cornerstone Wine and Liquor,1515-004-001-005,Janis,Thursday ,1401 Grand Central Ave,Lavallette,Ocean,Tim Darcy,732-995-0482,C,Cornerstonewines@gmail.com,,Call or text,,
Count Basie Cinemas,1340-37-049-001,Adam,Thursday,36 White Street,Red Bank,Monmouth,Crosby,732-977-5597,,,,,,
Count Basie Theater,1340-37-045-004,Adam,Thursday,101 Monmouth St,Red Bank,Monmouth,Brendan Crosby,732-977-5597,C,bcrosby@thebasie.org,,,,
Court Liquors,1325-44-074-006,Janis,Thursday,146 West End Ct,Long Branch,Monmouth,Jesse,732-870-9859,C,jrochon@courtliquors.com,,Email,,
Crates,1340-44-006-005,Janis,Thursday,14 Bridge Ave,Red Bank,Monmouth,Russ,732-747-1485,C,,,Call,,
Deal Lake Bar Co,1324-33-001-017,Adam,Thursday,601 Main St,Loch Arbour,Monmouth,Colleen Nelson,808-291-1662,,,,,,
Drifters,1526-32-017-007,Adam,Thursday,701 Boulevard,Seaside Heights,Ocean,Rob,848-992-0009,C,,,,,
Drifthouse (DB),1343-33-004-004,Janis,Thursday,1485 Ocean Ave,Sea Bright,Monmouth,Chaz,928-399-9424,CD,Brittney@drifthousedb.com,,Text Chaz after 3 on Tuesday ,,
Driftwood (Tiki),1343-33-004-004,Janis,Thursday,1485 Ocean Ave,Sea Bright,Monmouth,Brynn,732-687-4011,C,,,Text,,
Driftwood Liquors,1317-32-018-005,Adam,Thursday,300 Bay Ave,Highlands,Monmouth,Armando/Poogie,732-291-2095,C,,,Call,,
Eagle Oaks Golf and CC,1319-33-028-009,Janis,Thursday,30 Shore Oaks Dr,Howell,Monmouth,Nato,848-469-5686,C,Ngiordano@eagleoaks.com,,Text,,
Elks Lodge Red Bank,1340-31-043-001,Adam,Thursday,40 West Front St,Red Bank,Monmouth,Steve,917-364-7413,D,steve.casale@yahoo.com,redbankelks233treasurer@gmail.com,,,
Ember and Eagle,1311-33-018-001,Adam,Thursday,2000 Luther Dr,Eatontown ,Monmouth,Frankie,201-268-8885,,frankie@tillinghouse.com,,,,
Foodtown Red Bank,1340-44-010-006,Adam,Thursday,362 Broad St,Red Bank,Monmouth,Kevin,732-747-6800,C ,,,Call,,
Gallo's Wine & Spirits,1330-44-001-006,Adam,Wednesday,1077 NJ-34,Matawan,Monmouth,Jenn,732-580-4324,C,,,Text,,
Gaslight ,1304-33-001-005,Adam,Wednesday,33 1st Ave,Atlantic Highlands,Monmouth,Andrew,732-539-2292,D,zchrzan16@gmail.com,,Text,,
Gateway Liquors,1331-33-014-006,Janis,Wednesday,1018 NJ-36,Atlantic Highlands,Monmouth,Mark,732-291-9521,C,mark@gatewayspirits.com,,Call,,
Half Moon Point,1524-32-008-008,Adam,Thursday,2154 Bridge Ave,Point Pleasant,Ocean,Tyler,732-320-0809,,,,,,
Holmdel Buy Rite,1388-44-002-006,Adam,Wednesday,2101 NJ-35,Holmdel,Monmouth,Zach,732-546-0292,C,,,Text,,
Houlihans,1318-33-001-008,Adam,Wednesday,2135 NJ-35,Holmdel,Monmouth,Joey,732-673-8759,D,jyennella@hotmail.com,,,,
House of Independents,,Adam,Inactive,572 Cookman Ave,Asbury Park,Monmouth,Leroy,,,,,,,
Huddys Inn,1309-33-003-008,Janis,Wednesday ,206 Route 537,Colts Neck,Monmouth,Steve,732-431-0194,C,Huddysinn211@gmail.com,,In person,,
Jacks Goal Line Stand,1325-33-052-007,Janis,Thursday,149 Brighton Ave,Long Branch,Monmouth,Nick,732-610-3265,D,,,Call/visit on weekend,,
Jacques/Hominy Hill,Permit 113896,Adam,Thursday,92 Mercer Rd,Colts Neck,Monmouth,Steve,732-822-7286,,,,,,
Lincroft Liquors,1341-44-019-009,Janis,Thursday ,3 Swimming River Rd,Lincroft,Monmouth,Arun /Bob,732-747-0118,C,Lincroftwineshop@gmail.com,,In petson,Back door deliver ,
Liquor City,1209-44-028-008,Adam,Wednesday,1069 Route 9 North,Old Bridge,Middlesex,,,,,,,,
Little Silver Bottle Shop,1323-44-003-003,Adam,Thursday,497 Prospect Ave,Little Silver,Monmouth,Kitt,848-210-3410,C,lsbsbeer@gmail.com,,Text,,
Livotis Brick,1506-44-047-002,Janis,Thursday ,1930 NJ-88,Brick,Monmouth,Matt,732-475-8110,C,,,,,
Matawan Wine & Spirit,1329-44-008-010,Adam,Wednesday ,60 Main Street,Matawan,Monmouth,Dave,732-351-0595,C,matawanliquor@gmail.com,,Text,,
Max's Neptune,1335-44-003-008,Adam,Thursday,116 3rd Ave,Neptune,Monmouth,Dan/Venus/Lisa,732-776-6297,C,,,Email/Call,,
Middletown MJs,1331-33-021-008,Adam,Wednesday,1005 NJ-35,Middletown,Monmouth,Dyan,732-672-3373,D,,,Text,,
MJs Long Branch,1325-33-059-007,Adam,Thursday,104 Myrtle Ave,Long Branch,Monmouth,Tim,,,,,,,
MJs Neptune ,1334-33-023-009,Adam,Thursday ,3205 Route 66,Neptune,Monmouth ,Keith,732-397-1676,D,,,,,
MJs Tinton Fall,1336-33-014-011,Adam,Thursday ,1213 Sycamore Ave,Tinton Falls,Monmouth,Julian,732.642.5231,,julianb.mjsrestaraunt@gmail.com,,,,
Molly Pitcher Inn,1340-33-030-004,Adam,Thursday,88 Riverside Ave,Red Bank,Monmouth,Cora,,D,cruiz@mollypitcher-oysterpoint.com,,,,
Monmouth Park (Darby Development Group),Permit 43070,Janis,Thursday,175 Oceanport Ave,Oceanport,Monmouth,Dan/Brandon ,732-887-1171,CD,Djacko@legends.net,,Call,,
Mule Barn,Permt 108644,Adam,Thursday,36 Kearney Road,Highlands,Monmouth,Ayla,732-261-7633,C,,,,,
Nappy's (Resto Bar),1321-33-025-011,Adam,Wednesday,304 Main Street,Keansburg,Monmouth,Toni-Ann,908-902-1560,D,,,,,
Navesink Country Club,1331-31-039-002,Janis,Wednesday ,50 Luffburrow Lane,Red Bank,Monmouth ,Adam,732-842-3111,C,Acantolino@navesinkcc.com,,,,
Neptune Buy Rite,1334-32-002-006,Janis,Thursday ,600 Essex Rd,Neptune,Monmouth,Anthony,609-851-7749,C,,,Text,,
NJ Wine Gallery,1330-44-006-010,Adam,Wednesday,111 NJ-35,Cliffwood,Monmouth,Pareen,732-696-8333,C,,,,,
NJ Wine Seller Green Brook,1809-32-001-007,Mark,Wednesday,398 US-22 West,Green Brook,Somerset,Vic,732-529-2205,,VIC@njwinesellers.com,,Text,call tue after 3pm,
Ocean House,1343-33-016-008,Adam,Thursday,1072 Ocean Ave,Sea Bright,Monmouth,Amanda,,D,,,Call,,
Olde Silver Tavern,1326-33-001-008,Adam,Thursday,149 Freehold Rd,Manalapan,Monmouth,Lawrence,315-857-5115,D,lawrence@oldsilvers.com,,Text,,
Olde Village Pub,1331-33-016-007,Janis,Wednesday,1211 NJ-35,Middletown,Monmouth,Cindy,732-671-9156,C,cpcnj2010@gmail.com,,Text,,
On The Deck,3403-14-536-001,Adam,Wednesday,10 Simon Lake Dr,Atlantic Highlands,Monmouth,Bebop,732-804-2713,D,,,Text,,
Outback-Middletown,1331-33-034-003,Janis,Wednesday,740 NJ-35,Middletown,Monmouth,T,732-796-0110,D,Obs3119@outback.com,,Personal visit,,
Poole Ave Liquors,1399-33-014-015,Adam,Wednesday,745 Poole Ave,Hazlet,Monmouth,Delo,,C,,,Call,,
Portside Liquors,1331-33-002-005,Janis,Wednesday,369 NJ-36,Middletown,Monmouth,Marc ,732-740-6767,CD,anelson62889@gmail.com,,Text,,
Posto / Moms Kitchen,1334-33-013-004,Mark,Thursday,1129 Fifth Ave,Neptune,Monmouth,Chris,732-267-7920,,,,,text,
Royal Atlantic,1304-44-005-006,Janis,Wednesday,179 First Ave,Atlantic Highlands,Monmouth,Manish/Kate,732-291-0283,CD,royalatlanticwines@yahoo.com,,Visit in person,,
Royal Red Bank,1340-44-005-012,Adam,Thursday,24 White St,Red Bank,Monmouth,Anvih,732-383-7015,C,,,Call,Janis,
Rumson Wine & Spirits,1342-44-011-007,Adam,Thursday,5 W River Rd,Rumson,Monmouth,Joe,732-208-6831,C,,,Text,,
Salt Water Liquors,1304-44-014-007,Adam,Wednesday,5 Bayshore Plaza,Atlantic Highlands,Monmouth,Punit,908-329-0380,,,,Call,,
Saltwater Social,1317-33-024-01,Adam,Thursday,128 Bay Ave,Highlands,Monmouth,Mike,848-219-4800,,,,,,
Sammy D's,1209-33-003-010,Janis,Thursday ,3129 Route 9 N,Old Bridge,Middlesex,Sammy,732-690-9006,C,,,Text,,
Sand Box,1317-33-008-006,Adam ,Thursday,325 Shore Drive,Highlands,Monmouth,,,D,,,Call,text monday mornings,
Scenic Liquor,1304-33-012-009,Janis,Wednesday,160 First Ave,Atlantic Highlands,Monmouth,Bill,732-500-8803,CD,vinastaug@aol.com,,Text/Calll,,
Sea Bright Liquors,1342-33-010-005,Adam,Thursday,1060 Ocean Ave,Sea Bright,Monmouth,Frankie,201-788-7819,C,,,Text,,
Sea Horse,1303-33-047-010,Adam,Thursday,1300 Ocean Ave,Asbury Park,Monmouth,Jeff,732-881-1493,,,,,,
Seafarer,1317-33-008-006,Adam,Thursday,1 Atlantic St,Highlands,Monmouth,Harrison,732-300-4358,B,,,Text,,
Seastreak,1317-33-008-006,Adam,Thursday,2 First Ave,Atlantic Highlands,Monmouth,Alec ,908-461-3844,C,,,Text (M-F 9-1),,
Silverton Buy Rite,1507-44-048-004,Janis,Thursday,1922 Hooper Ave,Toms River,Ocean,Pat,732-255-0004,C,pat@silvertonbuyrite.com,,Email / in person,,
Smiths Bar and Liquor,1322-32-009-002,Adam,Wednesday,225 W Front St,Keyport,Monmouth,Al,732-264-4470,C ,,,,,
Stirling Hotel ,1430-33-001-003,Mark ,Wednesday ,227 Main Ave,Stirling,Morris,Manny,908-403-0745,,,,,,
Tap and Growler,1219-33-039-005,Adam,Wednesday,363 Main Street,Sayreville,Middlesex,Alicia,732-991-4514,D,,,Text / Visit,,
The Cellar,1313-44-001-007,Adam,Thursday,594 River Rd,Fair Haven,Monmouth,Kitt,848-210-3410,C,lsbsbeer@gmail.com,,Text,call Tuesday morning ,
Total Wine,1312-44-010-004,Adam,Thursday,66 NJ-36,Eatontown,Monmouth,Mike Cowan,732-380-6011,C,mcowan@totalwine.com,,Email,,
Twenty 20 Tap House,1808-36-047-002,Mark,Wednesday,18 Cedar Grove Lane,Somerset,Somerset,Geo & Nick,732-907-2800,,,,,,
Vals Tavern,1342-33-003-005,Janis,Thursday,123 E River Rd,Rumson,Monmouth,John,732-996-6468,C,,,Text,,
VFW Long Branch,1324-31-071-001,Mark,Thursday,255 Willow Ave,Long Branch,Monmouth,TJ,732-870-2224,D,Cell 732-829-3115,,Call,,
Vingo Ursula Plaza,1325-44-049-005,Janis,Thursday,444 Ocean Blvd,Long Branch,Monmouth,Fernando,732-768-7476,C,,,Call,,
Wanamassa Liquors,1337-44-015-005,Adam,Thursday,2201 Sunset Ave,Ocean,Monmouth,Mike Walsh,732-778-4604,C,wanaliquorstore@gmail.com ,,Text,,
Watermark,1303-33-026-009,Adam,Thursday,800 Ocean Ave,Asbury Park,Monmouth,Greg,848-261-1661,B,,,,,
Wave Resort,1325-33-024-005,Adam,Thursday,110 Ocean Ave,Long Branch,Monmouth,Pavel,732-763-1363,,,,,,
Wegmans Englishtown,1326-44-014-003,Mark,Wednesday,55 US-9 South,Manalapen ,Monmouth,Paula,732-625-4170,,,beercoordinator@manalapanwineand liquors.com,,,
Wegmans Ocean,1337-44-011-010,Mark,Thursday ,1104 NJ-35,Ocean,Monmouth ,Joey,732-695-7000,,winemanager@oceanwineandspirits.com,,John,732-425-6679,
Whole Foods-Middletown,1331-44-012-004,Adam,Wednesday,"471 NJ-35",Red Bank,Monmouth,Sharon,,C,Sharon.Rothman@wholefoods.com,,,,
Wine Outlet Holmdel ,1318-44-008-004,Adam,Wednesday ,2130 NJ-35,Holmdel,Monmouth ,Julie,732-344-5916,C,Julie@wineoutlet.com,,Text,,
Wine Outlet Point Pleasant,1525--44-021-008,Adam,Thursday,524 Arnold Ave,Point Pleasant Beach,Monmouth,Kris,732-598-2540,,Kris@wineoutlet.com,,,,
Wine Outlets-Wall 35,1352-44-017-304,Adam,Thursday,1933 NJ-35,Wall Township,Ocean,Lisa ,732-528-0008,C,lisa@wineoutlet.com,,,,
Wonder Bar,,Adam,Thursday,1213 Ocean Ave N,Asbury Park,Monmouth,Brandon,732-575-3166,,,,,,
Woody's Tinton Falls,1336-33-003-006,Adam,Thursday,1202 Sycamore Ave,Tinton Falls,Monmouth,Jami,848-667-6104,D,,,Text,,
Yorktown Discount Wine ,1312-33-003-013,Adam,Wednesday,14 Wilson Ave,Englishtown,Monmouth,Travis/Tammie,732-693-1594/908-868-5134,B,,,,,
All New McCann's,3404-14-604-001,Janis,Inactive,4185 Atlantic Ave,Farmingdale,Monmouth ,Billy,602-849-1561,,Billy.f.epp@gmail.com,,Text,,
Anthony's Liquor #11,1507-44-022-005,Janis,Inactive,1237 NJ-166,Toms River,Ocean,Kyle,732-349-1075,,Od@spiritsmail.com,,Call,,
Antinis Liquors ,1209-33-033-008,Mark,Inactive,2541 County Rd 516,Old Bridge,Middlesex,Anthony ,732-753-9968,,,,,,
Beach Walk,,Adam,Inactive,344 Ocean Ave,Sea Bright,Monmouth,Sean,908-399-1523,,,,Text/Call,,
Beacon70 ,1506-33-012-013,Janis,Inactive,799 NJ-70,Brick,Ocean,Joe,732-539-9848,,,,,,
Bell Market,1318-33-009-002,Janis,Inactive,101 Crawford's Corner Rd,Holmdel,Monmouth,Chantelle Corbo,773-306-3539,,,,Text/call,,
Bells Liquor,Permit # 35403,Adam,Inactive,706 Broadway,Long Branch,Monmouth,,,,,,,,
Bottles by Sickles,1340-44-028-006,Adam,Thursday,200 Monmouth St,Red Bank,Monmouth,Matt,,C,mmellaci@sicklesmarket.com,,Email,,
Bum Rodgers Crab House,1505-33-016-007,Janis,Thursday,2207 Central Ave,Seaside Park,Ocean ,Jerry Jr,732-552-7059,,,,cell,,
Burlews,1322-33-011-010,Mark ,Inactive,59 W Front St,Keyport,Monmouth,George,732-497-0500,,,,,,732-691-5883
Capital Craft,1809-33-007-008,Mark,Wednesday,171 US-22 ,Green Brook,Somerset,Mike,732=968-5700,,,,Mike,Tue noon,
Capital Craft East Hanover,1410-33-003-004;,Mark,Inactive,138 NJ Route 10,East Hanover,Morris,,973-585-6929,,,,,,
Cloverleaf Tavern,0703-33-010-003,Adam,Inactive,395 Bloomfield Ave,Caldwell,Essex,Dana Ruso,973-945-3832,,,,,,
Colts Neck Liquors,1309-44-001-005,Adam,Inactive,430 NJ-34,Colts Neck,Monmouth,Mihir,609-442-4448,,,,Text,,
Colts Neck Pub,1309-33-005-004,Janis,Thursday ,270 NJ-34,Colts Neck,Monmouth,Brian,917-653-5434,D,,,Visit around 12:30,,
Country Bar and Grill,1339-36-026-004,Adam,Inactive,2870 NJ-35,Hazlet,Monmouth,Charlie,917-626-6008,,,,,,
Court Jester Freehold ,131-533-003,Mark,Inactive,16 East Main St,Freehold ,Monmouth ,Tony,732-462-1040,,,,,,
Dowlings Irish Pub,1350-33-011-009,Mark,Inactive,910 Union Ave,Union Beach,Monmouth ,Tom,732 264-0273,,,,,,
Dublin House,1340-34-029-007,Janis,Inactive,30 Monmouth St,Red Bank,Monmouth ,Chris,,,,,,,
Et Al Fine Food,1317-33-030-011,Janis,Thursday ,300 Shire Dr,Highlands,Monmouth ,Dana,848-309-2076,,,,Call,,
Fanwood Liquors,2005-44-001-005,Mark,Inactive,61 South Ave,Fanwood ,Union,Suny,973-452-2741,,fanwoodliquor@gmail.com,,Text,,
Farmingdale Liquors,1314-44-002-005,Janis,Thursday ,85 Main St,Farmingdale ,Monmouth,Lynn,732-938-2100,,,,,,
Forked River Liquors,1512-33-003-013,Mark,Inactive,344 N Main St,Forked River,Ocean,Rick,609-713-4883,,,,Call,,
Gabriella's Middletown,1331-33-024-006,Adam,Inactive,447 NJ-35,Middletown,Monmouth,Dan,732-456-6699,,,,Call,,
Gerard's Point ,1524-44-003-002,Adam,Thursday,2310 Bridge Ave,Point Pleasant,Ocean,Charlie,732-703-2791,,,,,,
Glory's Liquors,1511-44-018-003,Mark,Inactive,584 Cedar Swamp Rd,Jackson,Ocean,Walter,732-928-1279,,glorysmarket@yahoo.com,,Call,,
Green Turtle Sports Bar,1215-33-004-007,Mark,Wednesday,211 Main St,North Brunswick ,Middlesex,Shane,732-515-9760,,gtnorthbrunswick@thegreenturtle.com,,Text,,
Hailey's Harp&Pub,1210-33-008-011,Mark,Inactive,400 Main St,Metuchen ,Middlesex ,Maura,732-236-1692,,,,,,
Half Moon Keansburg,1321-32-014-006,Adam,Wednesday,2 Beachway Ave,Keansburg,Monmouth,Emiliano,,,,,,,
Harpoon Willys,1352-33-010-003,Janis,Thursday,2655 River Road,Manasquan,Ocean,Pat,732-223-8880,,,,Call,,
Inlet Cafe (Highlands),1317-33-007-003,Janis,Thursday,3 Corwall Street,Highlands NJ,Monmouth,Mike manager,,,,,Call,Closed Tuesdays,
Inlet Cafe(Toms River),1507-44-051-003,Janis,Thursday ,1426 RT 9,Toms River ,Ocean,John,732-286-6122,,Cl@spiritsmail.com,,Call,,
Jake A Bob's Bay ,1350-33-010-010,Mark,Inactive,"525 Front St",Union Beach,Monmouth,Gigi or  BoB ,732-778-2305,,732-615-7225 cell Bob,,Text/Call,,
Jamian's Food & Drink,1340-33-002-013,Janis,Inactive,"79 Monmouth St",Red Bank,Monmouth,Jamian,732-747-8050,,,,Call,,
Jersey Fine Wines RT-18,1204-44-031-006,Adam,Inactive,50 Racetrack Rd,East Brunswick,Middlesex,Dan,732-432-8100,,cell 732-589-2413,,call Mondays,Mark,
Joe Canals Woodbridge,1225-32-007-009,Adam,Inactive,489 US-1,Woodbridge,Middlesex,Suzie,732-726-0077,,,,Call,,
Keansburg Boardwalk,1321-32-032-011,Mark,Inactive,275 Beachway Ave,Keansburg,Monmouth,Ailson,732-762-8331,,,,,,
Klees Irish Pub,1526-33-010-008,Mark,Inactive,101 Boulevard,Seaside Heights,Ocean,Chris,732-830-1996,,,,,,
L Town Liquors ,0710-44-007-012,Mark,Wednesday,214 N Livingston Ave,Livingston ,Essex,Deb,973-500-3489,,973-390-3937,,call,Visit,
Lavalette Liquors,1515-44-005-008,Janis,Inactive,66 Grand Central Ave,Lavallette,Ocean,Coach,732-793-8888,,,,Text/Call,,
Low Dive,1303-32-038-008,Adam,Inactive ,1000 Ocean Ave,Asbury Park,Monmouth,,,,,,Text,,
Maloneys Bar & Grill,1329-33-004-004,Adam,Inactive ,119 Main St,Matawan,Monmouth,Meghan Lupu,,,maloneyspubnj@gmail.com,,Email,,
Martells Tiki Bar,1525-33-014-004,Janis,Thursday,308-312 Boardwalk,Point Pleasant,Ocean,Mike St George,732-771-5335,,,,Text,,
Martells Waters Edge,1505-33-006-013,Janis,Inactive,11 Whitecap Way,Bayville,Ocean ,Rich,917-604-4312,,Rich@martellsonthebay.com,,Text,,
Mc Canns Tavern,1347-33-005-008,Janis,Thursday,1704 Main St,Lake Como,Monmouth,Bill,917-796-6364,,,,Text,COD,
Midland Brew House,0257-33-016-010,Adam,Inactive,374 N Midland Ave,Saddle Brook,Union,,,,,,,,
MJ's Matawan,1329-33-011-004,Adam,Inactive,845 NJ-34,Matawan,Monmouth,Phil,609-339-0699,,,,,,
Mjs Bayville,1505-33-004-009,Janis,Thursday,905 Bay Blvd,Bayville,Ocean,Tom,732-269-7764,,Tom.mjsrestaurant@gmail.com,,,,
Monmouth Beach Club,1333-31-005-001,Adam,Inactive ,65 Ocean Ave,Monmouth Beach,Monmouth,,,D,,,Email,,
Monmouth Bottle Shop,1337-44-012-003,Janis,Thursday,201 Monmouth Rd,Oakhurst,Monmouth,Chris,732-531-3080,,,,Call,,
Murphy's Rumson,1342-33-007-005,Janis,Inactive,17 Ward Ln,Rumson,Monmouth,Rob,732-842-1600,,,,,,
Nip & Tuck,1325-32-042-005,Janis,Inactive,23 Norwood Ave,Long Branch,Monmouth,Jaime,908-309-3883,,Info@nipntuck.bar.com,,Text,,
NJ Wine Seller Cranford,2003-44-002-007,Mark,Wednesday,6 S Ave W,Cranford,Union,Vic,908-603-7669,,VIC@njwinesellers.com,,Text,,
Oceanport Marina ,1338-33-001-006,Janis,Inactive,10 Riverside Ave,Oceanport,Monmouth ,Suella ,848-456-4396,,,,,,
Off The Hook,1317-33-022-010,Adam,Inactive,1 NJ-36,Highlands,Monmouth,Amanda Hogan,732-778-5537,D,,,,,
Outback Edison,1205-33-049-007,Mark,Inactive,481 US-1,Edison,Middlesex,Chris,732-819-0990,,"obs3112@outback,com",,,,
Paragon Tap &Table ,2002-33-018-013,Mark,Wednesday,77 Central Ave,Clark,Union,Keith,732- 931-1776,,,,,call after 3 pm most days,
Park Beverage,2016-44-010-008,Adam,Inactive,1923 Westfield Ave,Scotch Plains,Union,TJ,,,parkbev1923@gmail.com,,,,
Piccola Italia,1337-33-003-010,Janis,Inactive,837 West Park Ave,Ocean,Monmouth,Mike,732-493-3090,,,,Call,,
Red Rock,1340-33-011-008,Janis,Thursday,14 Wharf Ave,Red Bank,Monmouth,Patty,,,,,,,
Rorys Pub,1343-33-005-004,Adam,Incactive,1124 E Ocean Ave,Sea Bright,Monmouth,Tony/Jean,732-383-7685,,,,Call,,
Rumson Country Club,1342-033-005-009,Janis,Thursday,163 Rumson Rd,Rumson,Monmouth,Kevin West,732-842-3333,,,,Text,Off Monday Tuesday,
Ryans Sports Pub,1213-33-012-007,Mark,Inactive,299 Spotswood Englishtown Rd,Spotswood,Middlesex,Jim,732-251-1709,,,,,call tue mornings 10am,
Salt Creek Grill,1342-33-010-005,Janis,Thursday ,4 Bingham Ave,Rumson,Monmouth,Kevin,908.309..4886,,,,,,
Sea Bright Beach Club,1343-31-020-001,Adam,Inactive,999 Ocean Ave,Sea Bright,Monmouth,Brad,,,,,,,
Shore Casino,1304-33-012-009,Adam,Inactive,1 Simon Lake Dr,Atlantic Highlands,Monmouth,,,,alec.madden@seastreak.com,,,,
Spirit 76,1327-44-004-005,Janis,Inactive,119 NJ-71,Manasquan,Monmouth,Meredith,,,meredith@spirt76wines.com,,Email,,
Spirits Unlimited #23,1507-44-024-006,Janis,Thursday,897 Fisher Blvd,Toms River,Ocean,Kyle Blue,732-270-8338,,Wl@spiritsmail.com,,,,
Spirits Unlimited #80 ,1507-44-045-004,Janis,Thursday,5 Ortley Plaza,Ortley Beach,Ocean,Matt,732-793-9330,,Mdspiritsmail.com,,Call,,
Spirits Unlimited #89,1505-32-005-006,Janis,Thursday ,437 Alantic City Blvd 9,Bayville,Ocean,Christina,609-342-7596,,Br@spiritsmail.com,,Text,,
Spirits Unlimited-Brick,1506-32-013-011,Mark,Incative,30 Brick Blvd,Brick,Ocean,Nick,732-262-9710,,,,,,
Spring Lake Tap House,1349-33-007-008,Adam,Inactive,810 NJ-71,Spring Lake,Monmouth,,,D,,,,,
Stateside Tap & Tavern,1808-33-017-11,Mark,Wednesday,34 World Fair Drive,Somerset,Somerset,Jeff,201-953-3459,,,,,,
Stone Pony,1303-33-02-700,Adam,Inactive,913 Ocean Ave N,Asbury Park,Monmouth,Dennis,732-241-8789,,,,,,
Teak Restaurant ,1340-32-003-012,Janis,Thursday ,24 Monmouth Street,Red Bank,Monmouth,George,908-227-2536,,lettucepayu@gmail.com,,Text,Owner,
The Ale House Tavern +Tap,1219-33-012-009,Mark,Inactive,1899 NJ-35,South Amboy,Middlesex,Jim/Greg,732-721-6223,,gregorysalso@yahoo.com,,,,
The Atlantic House,1304-32-002-009,Janis,Inactive,67 First Ave,Atlantic Highlands,Monmouth ,Kenny,732-233-8831,,Kenny@theatlantichousenj.com,,Text,,
The Cabin,1319-22-009-010,Janis,Thursday,984 NJ-33,Freehold,Monmouth,Rob,732-948-0401,D,,,,,
The Globe,1340-33-012-004,Janis,Inactive,20 E Front Street,Red Bank,Monmouth,Dan,732-595-1545,,,,Call,,
The Goat,1350-33-005-006,Janis,Wednesday ,1411 NJ-36,Union Beach,Monmouth,Rich,742-284-6835,,Rich@thegoatbydb.com,,Text,,
The Pour House,1336-33-012-003,Janis,Thursday ,640 Shrewsbury Ave,Tinton Falls,Monmouth,Ted,,,Phrestaurant1@gmail.com,,Person,Wednesday afternoon,
The Wine Loft,1325-33-043-004,Janis,Thursday ,32 Laird St,Long Branch,Monmouth,Jay,743-547-4156,,,,Text,No delivery before 3,
Tom's Tavern,1319-33-006-005,Janis,Thursday ,85 Asbury Rd,Farmingdale ,Monmouth,Rob,732-299-4372,B,,,Text,,
Tommy's Sea Bright,1343-33-017-008,Janis,Thursday,1030 Ocean Ave,Sea Bright,Monmouth,,,D,,,Text/Call,,
Up The Creek,1322-33-006-004,Mark,Wednesday ,350 W Front St,Keyport,Monmouth ,Lisa,732-497-0821,,,,Call,call weds afternoon week before,
Urban Coal Fire ,1340-33-041-008,Janis,Thursday,2 Bridge Ave,Red Bank,Monmouth,Bonito,732-212-1700,,,,,,
Vine and Oak Tavern,2003-33-004-009,Janis,Wednesday ,100 S Ave,East Cranford,Union ,Argent,908-540-2990,,Nicholas@vineandoaktavern.com,,,,
Wegmans Hanover,1412-44-027-006,Mark,Inactive,34 Sylvan Way,Parsippany,,David,,,BeerCoordinator@hanoverwineandliquor.com,,,,
Windows On The Water,1343-33-003-004,Janis,Thursday,931 Ocean Ave N,Sea Bright,Monmouth,Joe,732-768-2914,,,,Call,,
Wine Academy Superstores,1514-44-005-012,Janis,Thursday ,1900 Route 70,Lakewood ,Ocean,Bryon,732-262-1303,,,,Visit,,
Woody's Seabright,1343-33-012-009,Adam,Inactive,1 E Church St,Sea Bright,Monmouth,,,,,,Text,,
Woodys Roadside Tavern,1314-33-002-012,Janis,Thursday ,105 Academy Street,Farmingdale,Monmouth,Jen,732-299-4372,D,woodys105academy@yahoo.com,,Text,Off Monday Wednesday ,
Zacharys ,1353-33-005-008,Mark ,Inactive,71 Oceanport Ave,W Long Branch,Monmouth,Dimitri ,732-229-0286,,,,,call mornings around 11am ,
Rooney's,1325-33-037-011,Adam,Thursday,100 Ocean Ave N,Long Branch,Monmouth,Dan,732-241-6469,D,dan@rooneysocean.com,Email
Loch Arbor Liquors,1324-44-002-002,Adam,Thursday,541 Main St,Allenhurst,Monmouth,Joe,732-531-7176,C,laliqs@verizon.net,
Wine Shoppe,1506-44-014-010,Adam,Thursday,2746 Hooper Ave,Brick,Ocean,Tikoo,848-459-1188,C,wineworldnj@gmail.com,